
Fri Nov 21 01:15:40 UTC 2025 - auto activity
Fri Nov 21 23:53:21 UTC 2025 - auto activity
Sat Nov 22 23:53:06 UTC 2025 - auto activity
Sun Nov 23 23:53:40 UTC 2025 - auto activity
Mon Nov 24 23:52:59 UTC 2025 - auto activity
Tue Nov 25 23:53:24 UTC 2025 - auto activity
Wed Nov 26 23:53:24 UTC 2025 - auto activity
Thu Nov 27 23:53:25 UTC 2025 - auto activity
Fri Nov 28 23:53:39 UTC 2025 - auto activity
Sat Nov 29 23:53:29 UTC 2025 - auto activity
Sun Nov 30 23:53:11 UTC 2025 - auto activity
Mon Dec  1 23:53:41 UTC 2025 - auto activity
Tue Dec  2 23:53:51 UTC 2025 - auto activity
